FILE	missing	percentage
cgMLST_55/cgMLST.tsv:GCA_000444425.1_ASM44442v1_genomic.fa	0	0.0
cgMLST_55/cgMLST.tsv:GCA_000783575.2_ASM78357v2_genomic.fa	0	0.0
cgMLST_55/cgMLST.tsv:GCA_000783595.2_ASM78359v2_genomic.fa	0	0.0
cgMLST_55/cgMLST.tsv:GCA_000783875.2_ASM78387v2_genomic.fa	0	0.0
cgMLST_55/cgMLST.tsv:GCA_000784015.2_ASM78401v2_genomic.fa	0	0.0
cgMLST_55/cgMLST.tsv:GCA_001281565.1_ASM128156v1_genomic.fa	0	0.0
cgMLST_55/cgMLST.tsv:GCA_001640985.1_ASM164098v1_genomic.fa	0	0.0
cgMLST_55/cgMLST.tsv:GCA_002055685.1_ASM205568v1_genomic.fa	0	0.0
cgMLST_55/cgMLST.tsv:GCA_002180115.1_ASM218011v1_genomic.fa	0	0.0
cgMLST_55/cgMLST.tsv:GCA_002180235.1_ASM218023v1_genomic.fa	0	0.0
cgMLST_55/cgMLST.tsv:GCA_002197405.1_ASM219740v1_genomic.fa	0	0.0
cgMLST_55/cgMLST.tsv:GCA_002310875.1_ASM231087v1_genomic.fa	0	0.0
cgMLST_55/cgMLST.tsv:GCA_002310895.1_ASM231089v1_genomic.fa	0	0.0
cgMLST_55/cgMLST.tsv:GCA_002944495.1_ASM294449v1_genomic.fa	0	0.0
cgMLST_55/cgMLST.tsv:GCA_002945235.1_ASM294523v1_genomic.fa	0	0.0
cgMLST_55/cgMLST.tsv:GCA_003073935.1_ASM307393v1_genomic.fa	0	0.0
cgMLST_55/cgMLST.tsv:GCA_003204115.1_ASM320411v1_genomic.fa	0	0.0
cgMLST_55/cgMLST.tsv:GCA_003855615.1_ASM385561v1_genomic.fa	0	0.0
cgMLST_55/cgMLST.tsv:GCA_003855635.1_ASM385563v1_genomic.fa	0	0.0
cgMLST_55/cgMLST.tsv:GCA_008041895.1_ASM804189v1_genomic.fa	0	0.0
cgMLST_55/cgMLST.tsv:GCA_008195605.1_ASM819560v1_genomic.fa	0	0.0
cgMLST_55/cgMLST.tsv:GCA_008630655.1_ASM863065v1_genomic.fa	0	0.0
cgMLST_55/cgMLST.tsv:GCA_008705195.1_ASM870519v1_genomic.fa	0	0.0
cgMLST_55/cgMLST.tsv:GCA_009429045.2_ASM942904v2_genomic.fa	0	0.0
cgMLST_55/cgMLST.tsv:GCA_009684665.1_ASM968466v1_genomic.fa	0	0.0
cgMLST_55/cgMLST.tsv:GCA_009806715.1_ASM980671v1_genomic.fa	0	0.0
cgMLST_55/cgMLST.tsv:GCA_010442675.1_ASM1044267v1_genomic.fa	0	0.0
cgMLST_55/cgMLST.tsv:GCA_010692865.1_ASM1069286v1_genomic.fa	0	0.0
cgMLST_55/cgMLST.tsv:GCA_011045575.1_ASM1104557v1_genomic.fa	0	0.0
cgMLST_55/cgMLST.tsv:GCA_011045855.1_ASM1104585v1_genomic.fa	0	0.0
cgMLST_55/cgMLST.tsv:GCA_011149675.1_ASM1114967v1_genomic.fa	0	0.0
cgMLST_55/cgMLST.tsv:GCA_011383025.1_ASM1138302v1_genomic.fa	0	0.0
cgMLST_55/cgMLST.tsv:GCA_011383045.1_ASM1138304v1_genomic.fa	0	0.0
cgMLST_55/cgMLST.tsv:GCA_012516515.1_ASM1251651v1_genomic.fa	0	0.0
cgMLST_55/cgMLST.tsv:GCA_013255765.1_ASM1325576v1_genomic.fa	0	0.0
cgMLST_55/cgMLST.tsv:GCA_013256075.1_ASM1325607v1_genomic.fa	0	0.0
cgMLST_55/cgMLST.tsv:GCA_013343255.1_ASM1334325v1_genomic.fa	0	0.0
cgMLST_55/cgMLST.tsv:GCA_013357405.1_ASM1335740v1_genomic.fa	0	0.0
cgMLST_55/cgMLST.tsv:GCA_013357425.1_ASM1335742v1_genomic.fa	0	0.0
cgMLST_55/cgMLST.tsv:GCA_013357445.1_ASM1335744v1_genomic.fa	0	0.0
cgMLST_55/cgMLST.tsv:GCA_013357465.1_ASM1335746v1_genomic.fa	0	0.0
cgMLST_55/cgMLST.tsv:GCA_013357485.1_ASM1335748v1_genomic.fa	0	0.0
cgMLST_55/cgMLST.tsv:GCA_013357505.1_ASM1335750v1_genomic.fa	0	0.0
cgMLST_55/cgMLST.tsv:GCA_013357525.1_ASM1335752v1_genomic.fa	0	0.0
cgMLST_55/cgMLST.tsv:GCA_013357545.1_ASM1335754v1_genomic.fa	0	0.0
cgMLST_55/cgMLST.tsv:GCA_013357565.1_ASM1335756v1_genomic.fa	0	0.0
cgMLST_55/cgMLST.tsv:GCA_013357585.1_ASM1335758v1_genomic.fa	0	0.0
cgMLST_55/cgMLST.tsv:GCA_013358795.1_ASM1335879v1_genomic.fa	0	0.0
cgMLST_55/cgMLST.tsv:GCA_014843115.1_ASM1484311v1_genomic.fa	0	0.0
cgMLST_55/cgMLST.tsv:GCA_014931585.1_ASM1493158v1_genomic.fa	0	0.0
cgMLST_55/cgMLST.tsv:GCA_015169015.1_ASM1516901v1_genomic.fa	0	0.0
cgMLST_55/cgMLST.tsv:GCA_015693865.1_ASM1569386v1_genomic.fa	0	0.0
cgMLST_55/cgMLST.tsv:GCA_015693965.1_ASM1569396v1_genomic.fa	0	0.0
cgMLST_55/cgMLST.tsv:GCA_015693985.1_ASM1569398v1_genomic.fa	0	0.0
cgMLST_55/cgMLST.tsv:GCA_015694005.1_ASM1569400v1_genomic.fa	0	0.0
cgMLST_55/cgMLST.tsv:GCA_015694025.1_ASM1569402v1_genomic.fa	0	0.0
cgMLST_55/cgMLST.tsv:GCA_016725905.1_ASM1672590v1_genomic.fa	0	0.0
cgMLST_55/cgMLST.tsv:GCA_016772335.1_ASM1677233v1_genomic.fa	0	0.0
cgMLST_55/cgMLST.tsv:GCA_016772355.1_ASM1677235v1_genomic.fa	0	0.0
cgMLST_55/cgMLST.tsv:GCA_016939715.1_ASM1693971v1_genomic.fa	0	0.0
cgMLST_55/cgMLST.tsv:GCA_016939735.1_ASM1693973v1_genomic.fa	0	0.0
cgMLST_55/cgMLST.tsv:GCA_017161055.1_ASM1716105v1_genomic.fa	0	0.0
cgMLST_55/cgMLST.tsv:GCA_017901195.1_ASM1790119v1_genomic.fa	0	0.0
cgMLST_55/cgMLST.tsv:GCA_018138945.1_ASM1813894v1_genomic.fa	0	0.0
cgMLST_55/cgMLST.tsv:GCA_018138985.1_ASM1813898v1_genomic.fa	0	0.0
cgMLST_55/cgMLST.tsv:GCA_018139005.1_ASM1813900v1_genomic.fa	0	0.0
cgMLST_55/cgMLST.tsv:GCA_018139105.1_ASM1813910v1_genomic.fa	0	0.0
cgMLST_55/cgMLST.tsv:GCA_018336495.1_ASM1833649v1_genomic.fa	0	0.0
cgMLST_55/cgMLST.tsv:GCA_018972025.1_ASM1897202v1_genomic.fa	0	0.0
cgMLST_55/cgMLST.tsv:GCA_019192645.1_ASM1919264v1_genomic.fa	0	0.0
cgMLST_55/cgMLST.tsv:GCA_019443785.1_ASM1944378v1_genomic.fa	0	0.0
cgMLST_55/cgMLST.tsv:GCA_900635965.1_36374_E01_genomic.fa	0	0.0
results_all/results_20220409T125210/results_alleles.tsv:GCA_000160755.1_ASM16075v1_genomic.fa	13	0.005654632448890862
results_all/results_20220409T125210/results_alleles.tsv:GCA_000297815.1_Prot_mira_WGLW6_V1_genomic.fa	14	0.006089604175728569
results_all/results_20220409T125210/results_alleles.tsv:GCA_000297835.1_Prot_mira_WGLW4_V1_genomic.fa	4	0.0017398869073510514
results_all/results_20220409T125210/results_alleles.tsv:GCA_000313255.1_Version_1_for_Proteus_mirabilis_C05028_genome_genomic.fa	4	0.0017398869073510514
results_all/results_20220409T125210/results_alleles.tsv:GCA_000372565.1_PM_version_1_genomic.fa	9	0.00391474554153981
results_all/results_20220409T125210/results_alleles.tsv:GCA_000755485.1_ASM75548v1_genomic.fa	4	0.0017398869073510514
results_all/results_20220409T125210/results_alleles.tsv:GCA_000770765.1_ASM77076v1_genomic.fa	4	0.0017398869073510514
results_all/results_20220409T125210/results_alleles.tsv:GCA_000783465.2_ASM78346v2_genomic.fa	30	0.013049151805132664
results_all/results_20220409T125210/results_alleles.tsv:GCA_000972665.1_ASM97266v1_genomic.fa	4	0.0017398869073510514
results_all/results_20220409T125210/results_alleles.tsv:GCA_001060285.1_ASM106028v1_genomic.fa	10	0.004349717268377518
results_all/results_20220409T125210/results_alleles.tsv:GCA_001060325.1_ASM106032v1_genomic.fa	13	0.005654632448890862
results_all/results_20220409T125210/results_alleles.tsv:GCA_001060355.1_ASM106035v1_genomic.fa	11	0.004784688995215336
results_all/results_20220409T125210/results_alleles.tsv:GCA_001060765.1_ASM106076v1_genomic.fa	3	0.001304915180513233
results_all/results_20220409T125210/results_alleles.tsv:GCA_001060835.1_ASM106083v1_genomic.fa	5	0.002174858634188759
results_all/results_20220409T125210/results_alleles.tsv:GCA_001061595.1_ASM106159v1_genomic.fa	74	0.0321879077859939
results_all/results_20220409T125210/results_alleles.tsv:GCA_001062135.1_ASM106213v1_genomic.fa	4	0.0017398869073510514
results_all/results_20220409T125210/results_alleles.tsv:GCA_001062385.1_ASM106238v1_genomic.fa	7	0.0030448020878642845
results_all/results_20220409T125210/results_alleles.tsv:GCA_001062655.1_ASM106265v1_genomic.fa	4	0.0017398869073510514
results_all/results_20220409T125210/results_alleles.tsv:GCA_001062745.1_ASM106274v1_genomic.fa	13	0.005654632448890862
results_all/results_20220409T125210/results_alleles.tsv:GCA_001063035.1_ASM106303v1_genomic.fa	12	0.005219660722053043
results_all/results_20220409T125210/results_alleles.tsv:GCA_001063205.1_ASM106320v1_genomic.fa	9	0.00391474554153981
results_all/results_20220409T125210/results_alleles.tsv:GCA_001063575.1_ASM106357v1_genomic.fa	3	0.001304915180513233
results_all/results_20220409T125210/results_alleles.tsv:GCA_001064105.1_ASM106410v1_genomic.fa	29	0.012614180078294956
results_all/results_20220409T125210/results_alleles.tsv:GCA_001064375.1_ASM106437v1_genomic.fa	18	0.00782949108307962
results_all/results_20220409T125210/results_alleles.tsv:GCA_001065085.1_ASM106508v1_genomic.fa	3	0.001304915180513233
results_all/results_20220409T125210/results_alleles.tsv:GCA_001065915.1_ASM106591v1_genomic.fa	4	0.0017398869073510514
results_all/results_20220409T125210/results_alleles.tsv:GCA_001066855.1_ASM106685v1_genomic.fa	55	0.02392344497607657
results_all/results_20220409T125210/results_alleles.tsv:GCA_001076695.1_ASM107669v1_genomic.fa	11	0.004784688995215336
results_all/results_20220409T125210/results_alleles.tsv:GCA_001076705.1_ASM107670v1_genomic.fa	13	0.005654632448890862
results_all/results_20220409T125210/results_alleles.tsv:GCA_001076715.1_ASM107671v1_genomic.fa	4	0.0017398869073510514
results_all/results_20220409T125210/results_alleles.tsv:GCA_001076755.1_ASM107675v1_genomic.fa	6	0.002609830361026577
results_all/results_20220409T125210/results_alleles.tsv:GCA_001077105.1_ASM107710v1_genomic.fa	27	0.01174423662461943
results_all/results_20220409T125210/results_alleles.tsv:GCA_001281545.1_ASM128154v1_genomic.fa	45	0.01957372770769905
results_all/results_20220409T125210/results_alleles.tsv:GCA_001448445.1_ASM144844v1_genomic.fa	2	0.0008699434536755257
results_all/results_20220409T125210/results_alleles.tsv:GCA_001462385.1_ASM146238v1_genomic.fa	69	0.030013049151805138
results_all/results_20220409T125210/results_alleles.tsv:GCA_001462475.1_ASM146247v1_genomic.fa	12	0.005219660722053043
results_all/results_20220409T125210/results_alleles.tsv:GCA_001463025.1_ASM146302v1_genomic.fa	2	0.0008699434536755257
results_all/results_20220409T125210/results_alleles.tsv:GCA_001553525.1_ASM155352v1_genomic.fa	10	0.004349717268377518
results_all/results_20220409T125210/results_alleles.tsv:GCA_001604705.1_ASM160470v1_genomic.fa	5	0.002174858634188759
results_all/results_20220409T125210/results_alleles.tsv:GCA_001617295.1_ASM161729v1_genomic.fa	2	0.0008699434536755257
results_all/results_20220409T125210/results_alleles.tsv:GCA_001617305.1_ASM161730v1_genomic.fa	7	0.0030448020878642845
results_all/results_20220409T125210/results_alleles.tsv:GCA_001619795.1_ASM161979v1_genomic.fa	5	0.002174858634188759
results_all/results_20220409T125210/results_alleles.tsv:GCA_001643755.1_ASM164375v1_genomic.fa	127	0.05524140930839494
results_all/results_20220409T125210/results_alleles.tsv:GCA_001653835.1_ASM165383v1_genomic.fa	18	0.00782949108307962
results_all/results_20220409T125210/results_alleles.tsv:GCA_001653845.1_ASM165384v1_genomic.fa	8	0.003479773814701992
results_all/results_20220409T125210/results_alleles.tsv:GCA_001858185.1_ASM185818v1_genomic.fa	5	0.002174858634188759
results_all/results_20220409T125210/results_alleles.tsv:GCA_001867325.1_ASM186732v1_genomic.fa	82	0.035667681600696
results_all/results_20220409T125210/results_alleles.tsv:GCA_002206145.2_ASM220614v2_genomic.fa	149	0.06481078729882561
results_all/results_20220409T125210/results_alleles.tsv:GCA_002265355.1_ASM226535v1_genomic.fa	19	0.008264462809917328
results_all/results_20220409T125210/results_alleles.tsv:GCA_002265385.1_ASM226538v1_genomic.fa	3	0.001304915180513233
results_all/results_20220409T125210/results_alleles.tsv:GCA_002364645.1_ASM236464v1_genomic.fa	67	0.029143105698129612
results_all/results_20220409T125210/results_alleles.tsv:GCA_002417445.1_ASM241744v1_genomic.fa	56	0.024358416702914276
results_all/results_20220409T125210/results_alleles.tsv:GCA_002861105.1_ASM286110v1_genomic.fa	8	0.003479773814701992
results_all/results_20220409T125210/results_alleles.tsv:GCA_002936215.2_ASM293621v2_genomic.fa	4	0.0017398869073510514
results_all/results_20220409T125210/results_alleles.tsv:GCA_003024745.1_ASM302474v1_genomic.fa	10	0.004349717268377518
results_all/results_20220409T125210/results_alleles.tsv:GCA_003030945.1_ASM303094v1_genomic.fa	20	0.008699434536755146
results_all/results_20220409T125210/results_alleles.tsv:GCA_003051845.1_ASM305184v1_genomic.fa	15	0.006524575902566387
results_all/results_20220409T125210/results_alleles.tsv:GCA_003075585.1_ASM307558v1_genomic.fa	7	0.0030448020878642845
results_all/results_20220409T125210/results_alleles.tsv:GCA_003114895.2_ASM311489v2_genomic.fa	41	0.017833840800348
results_all/results_20220409T125210/results_alleles.tsv:GCA_003171695.1_ASM317169v1_genomic.fa	6	0.002609830361026577
results_all/results_20220409T125210/results_alleles.tsv:GCA_003175415.1_ASM317541v1_genomic.fa	12	0.005219660722053043
results_all/results_20220409T125210/results_alleles.tsv:GCA_003175435.1_ASM317543v1_genomic.fa	10	0.004349717268377518
results_all/results_20220409T125210/results_alleles.tsv:GCA_003175455.1_ASM317545v1_genomic.fa	4	0.0017398869073510514
results_all/results_20220409T125210/results_alleles.tsv:GCA_003175475.1_ASM317547v1_genomic.fa	5	0.002174858634188759
results_all/results_20220409T125210/results_alleles.tsv:GCA_003175495.1_ASM317549v1_genomic.fa	6	0.002609830361026577
results_all/results_20220409T125210/results_alleles.tsv:GCA_003176495.1_ASM317649v1_genomic.fa	5	0.002174858634188759
results_all/results_20220409T125210/results_alleles.tsv:GCA_003185705.1_ASM318570v1_genomic.fa	4	0.0017398869073510514
results_all/results_20220409T125210/results_alleles.tsv:GCA_003194305.1_ASM319430v1_genomic.fa	10	0.004349717268377518
results_all/results_20220409T125210/results_alleles.tsv:GCA_003322945.1_ASM332294v1_genomic.fa	5	0.002174858634188759
results_all/results_20220409T125210/results_alleles.tsv:GCA_003583505.1_ASM358350v1_genomic.fa	0	0.0
results_all/results_20220409T125210/results_alleles.tsv:GCA_003687785.1_ASM368778v1_genomic.fa	144	0.06263592866463685
results_all/results_20220409T125210/results_alleles.tsv:GCA_003688085.1_ASM368808v1_genomic.fa	32	0.01391909525880819
results_all/results_20220409T125210/results_alleles.tsv:GCA_003856175.1_ASM385617v1_genomic.fa	38	0.016528925619834656
results_all/results_20220409T125210/results_alleles.tsv:GCA_003856195.1_ASM385619v1_genomic.fa	3	0.001304915180513233
results_all/results_20220409T125210/results_alleles.tsv:GCA_003856215.1_ASM385621v1_genomic.fa	11	0.004784688995215336
results_all/results_20220409T125210/results_alleles.tsv:GCA_003977485.1_ASM397748v1_genomic.fa	8	0.003479773814701992
results_all/results_20220409T125210/results_alleles.tsv:GCA_004145395.1_ASM414539v1_genomic.fa	31	0.013484123531970371
results_all/results_20220409T125210/results_alleles.tsv:GCA_004145855.1_ASM414585v1_genomic.fa	89	0.038712483688560284
results_all/results_20220409T125210/results_alleles.tsv:GCA_004179395.1_ASM417939v1_genomic.fa	40	0.01739886907351018
results_all/results_20220409T125210/results_alleles.tsv:GCA_004347585.1_ASM434758v1_genomic.fa	2	0.0008699434536755257
results_all/results_20220409T125210/results_alleles.tsv:GCA_004522505.1_ASM452250v1_genomic.fa	4	0.0017398869073510514
results_all/results_20220409T125210/results_alleles.tsv:GCA_004569245.1_ASM456924v1_genomic.fa	91	0.03958242714223581
results_all/results_20220409T125210/results_alleles.tsv:GCA_004570075.1_ASM457007v1_genomic.fa	70	0.030448020878642845
results_all/results_20220409T125210/results_alleles.tsv:GCA_004570145.1_ASM457014v1_genomic.fa	79	0.034362766420182655
results_all/results_20220409T125210/results_alleles.tsv:GCA_004570175.1_ASM457017v1_genomic.fa	137	0.05959112657677246
results_all/results_20220409T125210/results_alleles.tsv:GCA_004570215.1_ASM457021v1_genomic.fa	34	0.014789038712483715
results_all/results_20220409T125210/results_alleles.tsv:GCA_004570225.1_ASM457022v1_genomic.fa	2	0.0008699434536755257
results_all/results_20220409T125210/results_alleles.tsv:GCA_004570235.1_ASM457023v1_genomic.fa	125	0.054371465854719414
results_all/results_20220409T125210/results_alleles.tsv:GCA_004570275.1_ASM457027v1_genomic.fa	81	0.03523270987385818
results_all/results_20220409T125210/results_alleles.tsv:GCA_004570595.1_ASM457059v1_genomic.fa	3	0.001304915180513233
results_all/results_20220409T125210/results_alleles.tsv:GCA_004570645.1_ASM457064v1_genomic.fa	114	0.04958677685950408
results_all/results_20220409T125210/results_alleles.tsv:GCA_004570705.1_ASM457070v1_genomic.fa	53	0.023053501522401043
results_all/results_20220409T125210/results_alleles.tsv:GCA_004570715.1_ASM457071v1_genomic.fa	14	0.006089604175728569
results_all/results_20220409T125210/results_alleles.tsv:GCA_004570745.1_ASM457074v1_genomic.fa	9	0.00391474554153981
results_all/results_20220409T125210/results_alleles.tsv:GCA_004570765.1_ASM457076v1_genomic.fa	82	0.035667681600696
results_all/results_20220409T125210/results_alleles.tsv:GCA_004570775.1_ASM457077v1_genomic.fa	110	0.04784688995215314
results_all/results_20220409T125210/results_alleles.tsv:GCA_004570785.1_ASM457078v1_genomic.fa	82	0.035667681600696
results_all/results_20220409T125210/results_alleles.tsv:GCA_006508085.1_ASM650808v1_genomic.fa	16	0.006959547629404095
results_all/results_20220409T125210/results_alleles.tsv:GCA_006517685.1_ASM651768v1_genomic.fa	36	0.01565898216615924
results_all/results_20220409T125210/results_alleles.tsv:GCA_007012285.1_ASM701228v1_genomic.fa	6	0.002609830361026577
results_all/results_20220409T125210/results_alleles.tsv:GCA_007097095.1_ASM709709v1_genomic.fa	17	0.007394519356241802
results_all/results_20220409T125210/results_alleles.tsv:GCA_007197625.1_ASM719762v1_genomic.fa	0	0.0
results_all/results_20220409T125210/results_alleles.tsv:GCA_007197655.1_ASM719765v1_genomic.fa	2	0.0008699434536755257
results_all/results_20220409T125210/results_alleles.tsv:GCA_009183685.1_ASM918368v1_genomic.fa	1	0.00043497172683770735
results_all/results_20220409T125210/results_alleles.tsv:GCA_009183705.1_ASM918370v1_genomic.fa	5	0.002174858634188759
results_all/results_20220409T125210/results_alleles.tsv:GCA_009183735.1_ASM918373v1_genomic.fa	8	0.003479773814701992
results_all/results_20220409T125210/results_alleles.tsv:GCA_009184605.1_ASM918460v1_genomic.fa	6	0.002609830361026577
results_all/results_20220409T125210/results_alleles.tsv:GCA_009684595.1_ASM968459v1_genomic.fa	2	0.0008699434536755257
results_all/results_20220409T125210/results_alleles.tsv:GCA_009684635.1_ASM968463v1_genomic.fa	5	0.002174858634188759
results_all/results_20220409T125210/results_alleles.tsv:GCA_009718745.1_ASM971874v1_genomic.fa	2	0.0008699434536755257
results_all/results_20220409T125210/results_alleles.tsv:GCA_009749085.1_ASM974908v1_genomic.fa	4	0.0017398869073510514
results_all/results_20220409T125210/results_alleles.tsv:GCA_009749175.1_ASM974917v1_genomic.fa	0	0.0
results_all/results_20220409T125210/results_alleles.tsv:GCA_009749185.1_ASM974918v1_genomic.fa	4	0.0017398869073510514
results_all/results_20220409T125210/results_alleles.tsv:GCA_009749225.1_ASM974922v1_genomic.fa	3	0.001304915180513233
results_all/results_20220409T125210/results_alleles.tsv:GCA_009749245.1_ASM974924v1_genomic.fa	0	0.0
results_all/results_20220409T125210/results_alleles.tsv:GCA_009749255.1_ASM974925v1_genomic.fa	0	0.0
results_all/results_20220409T125210/results_alleles.tsv:GCA_009821615.1_ASM982161v1_genomic.fa	2	0.0008699434536755257
results_all/results_20220409T125210/results_alleles.tsv:GCA_009821675.1_ASM982167v1_genomic.fa	5	0.002174858634188759
results_all/results_20220409T125210/results_alleles.tsv:GCA_009821695.1_ASM982169v1_genomic.fa	1	0.00043497172683770735
results_all/results_20220409T125210/results_alleles.tsv:GCA_009829055.1_ASM982905v1_genomic.fa	1	0.00043497172683770735
results_all/results_20220409T125210/results_alleles.tsv:GCA_009907015.1_ASM990701v1_genomic.fa	18	0.00782949108307962
results_all/results_20220409T125210/results_alleles.tsv:GCA_010588155.1_ASM1058815v1_genomic.fa	10	0.004349717268377518
results_all/results_20220409T125210/results_alleles.tsv:GCA_010590385.1_ASM1059038v1_genomic.fa	4	0.0017398869073510514
results_all/results_20220409T125210/results_alleles.tsv:GCA_010590425.1_ASM1059042v1_genomic.fa	6	0.002609830361026577
results_all/results_20220409T125210/results_alleles.tsv:GCA_010590755.1_ASM1059075v1_genomic.fa	8	0.003479773814701992
results_all/results_20220409T125210/results_alleles.tsv:GCA_010590805.1_ASM1059080v1_genomic.fa	6	0.002609830361026577
results_all/results_20220409T125210/results_alleles.tsv:GCA_010590845.1_ASM1059084v1_genomic.fa	9	0.00391474554153981
results_all/results_20220409T125210/results_alleles.tsv:GCA_010591085.1_ASM1059108v1_genomic.fa	6	0.002609830361026577
results_all/results_20220409T125210/results_alleles.tsv:GCA_010591405.1_ASM1059140v1_genomic.fa	20	0.008699434536755146
results_all/results_20220409T125210/results_alleles.tsv:GCA_010594405.1_ASM1059440v1_genomic.fa	6	0.002609830361026577
results_all/results_20220409T125210/results_alleles.tsv:GCA_010594605.1_ASM1059460v1_genomic.fa	5	0.002174858634188759
results_all/results_20220409T125210/results_alleles.tsv:GCA_010594625.1_ASM1059462v1_genomic.fa	5	0.002174858634188759
results_all/results_20220409T125210/results_alleles.tsv:GCA_010594665.1_ASM1059466v1_genomic.fa	90	0.03914745541539799
results_all/results_20220409T125210/results_alleles.tsv:GCA_010594685.1_ASM1059468v1_genomic.fa	43	0.018703784254023526
results_all/results_20220409T125210/results_alleles.tsv:GCA_010594745.1_ASM1059474v1_genomic.fa	8	0.003479773814701992
results_all/results_20220409T125210/results_alleles.tsv:GCA_010595745.1_ASM1059574v1_genomic.fa	95	0.04132231404958675
results_all/results_20220409T125210/results_alleles.tsv:GCA_010597725.1_ASM1059772v1_genomic.fa	144	0.06263592866463685
results_all/results_20220409T125210/results_alleles.tsv:GCA_010597885.1_ASM1059788v1_genomic.fa	155	0.06742061765985208
results_all/results_20220409T125210/results_alleles.tsv:GCA_010598005.1_ASM1059800v1_genomic.fa	105	0.04567203131796438
results_all/results_20220409T125210/results_alleles.tsv:GCA_010598095.1_ASM1059809v1_genomic.fa	70	0.030448020878642845
results_all/results_20220409T125210/results_alleles.tsv:GCA_011067125.1_ASM1106712v1_genomic.fa	6	0.002609830361026577
results_all/results_20220409T125210/results_alleles.tsv:GCA_011078105.1_ASM1107810v1_genomic.fa	1	0.00043497172683770735
results_all/results_20220409T125210/results_alleles.tsv:GCA_011365085.1_ASM1136508v1_genomic.fa	2	0.0008699434536755257
results_all/results_20220409T125210/results_alleles.tsv:GCA_011602785.1_ASM1160278v1_genomic.fa	1	0.00043497172683770735
results_all/results_20220409T125210/results_alleles.tsv:GCA_011602825.1_ASM1160282v1_genomic.fa	0	0.0
results_all/results_20220409T125210/results_alleles.tsv:GCA_011602865.1_ASM1160286v1_genomic.fa	1	0.00043497172683770735
results_all/results_20220409T125210/results_alleles.tsv:GCA_011602885.1_ASM1160288v1_genomic.fa	1	0.00043497172683770735
results_all/results_20220409T125210/results_alleles.tsv:GCA_011602895.1_ASM1160289v1_genomic.fa	0	0.0
results_all/results_20220409T125210/results_alleles.tsv:GCA_011602905.1_ASM1160290v1_genomic.fa	0	0.0
results_all/results_20220409T125210/results_alleles.tsv:GCA_011602945.1_ASM1160294v1_genomic.fa	0	0.0
results_all/results_20220409T125210/results_alleles.tsv:GCA_011602955.1_ASM1160295v1_genomic.fa	0	0.0
results_all/results_20220409T125210/results_alleles.tsv:GCA_011602985.1_ASM1160298v1_genomic.fa	1	0.00043497172683770735
results_all/results_20220409T125210/results_alleles.tsv:GCA_011602995.1_ASM1160299v1_genomic.fa	1	0.00043497172683770735
results_all/results_20220409T125210/results_alleles.tsv:GCA_011603015.1_ASM1160301v1_genomic.fa	1	0.00043497172683770735
results_all/results_20220409T125210/results_alleles.tsv:GCA_011604025.1_ASM1160402v1_genomic.fa	0	0.0
results_all/results_20220409T125210/results_alleles.tsv:GCA_011604045.1_ASM1160404v1_genomic.fa	1	0.00043497172683770735
results_all/results_20220409T125210/results_alleles.tsv:GCA_011604055.1_ASM1160405v1_genomic.fa	1	0.00043497172683770735
results_all/results_20220409T125210/results_alleles.tsv:GCA_011604085.1_ASM1160408v1_genomic.fa	1	0.00043497172683770735
results_all/results_20220409T125210/results_alleles.tsv:GCA_011604105.1_ASM1160410v1_genomic.fa	0	0.0
results_all/results_20220409T125210/results_alleles.tsv:GCA_011604125.1_ASM1160412v1_genomic.fa	0	0.0
results_all/results_20220409T125210/results_alleles.tsv:GCA_011604135.1_ASM1160413v1_genomic.fa	0	0.0
results_all/results_20220409T125210/results_alleles.tsv:GCA_011604145.1_ASM1160414v1_genomic.fa	1	0.00043497172683770735
results_all/results_20220409T125210/results_alleles.tsv:GCA_011604155.1_ASM1160415v1_genomic.fa	0	0.0
results_all/results_20220409T125210/results_alleles.tsv:GCA_011604205.1_ASM1160420v1_genomic.fa	0	0.0
results_all/results_20220409T125210/results_alleles.tsv:GCA_012030315.1_ASM1203031v1_genomic.fa	4	0.0017398869073510514
results_all/results_20220409T125210/results_alleles.tsv:GCA_012030515.1_ASM1203051v1_genomic.fa	5	0.002174858634188759
results_all/results_20220409T125210/results_alleles.tsv:GCA_012360255.1_ASM1236025v1_genomic.fa	3	0.001304915180513233
results_all/results_20220409T125210/results_alleles.tsv:GCA_013184265.1_ASM1318426v1_genomic.fa	7	0.0030448020878642845
results_all/results_20220409T125210/results_alleles.tsv:GCA_013184655.1_ASM1318465v1_genomic.fa	5	0.002174858634188759
results_all/results_20220409T125210/results_alleles.tsv:GCA_013184675.1_ASM1318467v1_genomic.fa	5	0.002174858634188759
results_all/results_20220409T125210/results_alleles.tsv:GCA_013184695.1_ASM1318469v1_genomic.fa	2	0.0008699434536755257
results_all/results_20220409T125210/results_alleles.tsv:GCA_013184715.1_ASM1318471v1_genomic.fa	3	0.001304915180513233
results_all/results_20220409T125210/results_alleles.tsv:GCA_014212505.1_ASM1421250v1_genomic.fa	1	0.00043497172683770735
results_all/results_20220409T125210/results_alleles.tsv:GCA_014212535.1_ASM1421253v1_genomic.fa	2	0.0008699434536755257
results_all/results_20220409T125210/results_alleles.tsv:GCA_014212545.1_ASM1421254v1_genomic.fa	4	0.0017398869073510514
results_all/results_20220409T125210/results_alleles.tsv:GCA_014212555.1_ASM1421255v1_genomic.fa	3	0.001304915180513233
results_all/results_20220409T125210/results_alleles.tsv:GCA_014212565.1_ASM1421256v1_genomic.fa	0	0.0
results_all/results_20220409T125210/results_alleles.tsv:GCA_014212615.1_ASM1421261v1_genomic.fa	0	0.0
results_all/results_20220409T125210/results_alleles.tsv:GCA_014212635.1_ASM1421263v1_genomic.fa	0	0.0
results_all/results_20220409T125210/results_alleles.tsv:GCA_014212655.1_ASM1421265v1_genomic.fa	1	0.00043497172683770735
results_all/results_20220409T125210/results_alleles.tsv:GCA_014212665.1_ASM1421266v1_genomic.fa	1	0.00043497172683770735
results_all/results_20220409T125210/results_alleles.tsv:GCA_014212675.1_ASM1421267v1_genomic.fa	1	0.00043497172683770735
results_all/results_20220409T125210/results_alleles.tsv:GCA_014324285.1_ASM1432428v1_genomic.fa	13	0.005654632448890862
results_all/results_20220409T125210/results_alleles.tsv:GCA_014712265.1_ASM1471226v1_genomic.fa	1	0.00043497172683770735
results_all/results_20220409T125210/results_alleles.tsv:GCA_015235315.1_ASM1523531v1_genomic.fa	3	0.001304915180513233
results_all/results_20220409T125210/results_alleles.tsv:GCA_015550355.1_ASM1555035v1_genomic.fa	7	0.0030448020878642845
results_all/results_20220409T125210/results_alleles.tsv:GCA_015560685.1_ASM1556068v1_genomic.fa	2	0.0008699434536755257
results_all/results_20220409T125210/results_alleles.tsv:GCA_015666255.1_ASM1566625v1_genomic.fa	33	0.014354066985645897
results_all/results_20220409T125210/results_alleles.tsv:GCA_015721805.1_ASM1572180v1_genomic.fa	7	0.0030448020878642845
results_all/results_20220409T125210/results_alleles.tsv:GCA_015721825.1_ASM1572182v1_genomic.fa	4	0.0017398869073510514
results_all/results_20220409T125210/results_alleles.tsv:GCA_015721845.1_ASM1572184v1_genomic.fa	7	0.0030448020878642845
results_all/results_20220409T125210/results_alleles.tsv:GCA_015721885.1_ASM1572188v1_genomic.fa	13	0.005654632448890862
results_all/results_20220409T125210/results_alleles.tsv:GCA_015721895.1_ASM1572189v1_genomic.fa	154	0.06698564593301437
results_all/results_20220409T125210/results_alleles.tsv:GCA_015721925.1_ASM1572192v1_genomic.fa	1	0.00043497172683770735
results_all/results_20220409T125210/results_alleles.tsv:GCA_015721935.1_ASM1572193v1_genomic.fa	2	0.0008699434536755257
results_all/results_20220409T125210/results_alleles.tsv:GCA_015721945.1_ASM1572194v1_genomic.fa	8	0.003479773814701992
results_all/results_20220409T125210/results_alleles.tsv:GCA_015721985.1_ASM1572198v1_genomic.fa	154	0.06698564593301437
results_all/results_20220409T125210/results_alleles.tsv:GCA_015722005.1_ASM1572200v1_genomic.fa	0	0.0
results_all/results_20220409T125210/results_alleles.tsv:GCA_015722015.1_ASM1572201v1_genomic.fa	2	0.0008699434536755257
results_all/results_20220409T125210/results_alleles.tsv:GCA_015722025.1_ASM1572202v1_genomic.fa	2	0.0008699434536755257
results_all/results_20220409T125210/results_alleles.tsv:GCA_015722065.1_ASM1572206v1_genomic.fa	1	0.00043497172683770735
results_all/results_20220409T125210/results_alleles.tsv:GCA_015722085.1_ASM1572208v1_genomic.fa	1	0.00043497172683770735
results_all/results_20220409T125210/results_alleles.tsv:GCA_015722105.1_ASM1572210v1_genomic.fa	3	0.001304915180513233
results_all/results_20220409T125210/results_alleles.tsv:GCA_015722115.1_ASM1572211v1_genomic.fa	155	0.06742061765985208
results_all/results_20220409T125210/results_alleles.tsv:GCA_015722145.1_ASM1572214v1_genomic.fa	0	0.0
results_all/results_20220409T125210/results_alleles.tsv:GCA_015722165.1_ASM1572216v1_genomic.fa	0	0.0
results_all/results_20220409T125210/results_alleles.tsv:GCA_015722185.1_ASM1572218v1_genomic.fa	3	0.001304915180513233
results_all/results_20220409T125210/results_alleles.tsv:GCA_015722205.1_ASM1572220v1_genomic.fa	2	0.0008699434536755257
results_all/results_20220409T125210/results_alleles.tsv:GCA_015722215.1_ASM1572221v1_genomic.fa	3	0.001304915180513233
results_all/results_20220409T125210/results_alleles.tsv:GCA_015722235.1_ASM1572223v1_genomic.fa	7	0.0030448020878642845
results_all/results_20220409T125210/results_alleles.tsv:GCA_015722265.1_ASM1572226v1_genomic.fa	3	0.001304915180513233
results_all/results_20220409T125210/results_alleles.tsv:GCA_015722285.1_ASM1572228v1_genomic.fa	1	0.00043497172683770735
results_all/results_20220409T125210/results_alleles.tsv:GCA_015722295.1_ASM1572229v1_genomic.fa	5	0.002174858634188759
results_all/results_20220409T125210/results_alleles.tsv:GCA_015722325.1_ASM1572232v1_genomic.fa	17	0.007394519356241802
results_all/results_20220409T125210/results_alleles.tsv:GCA_015722345.1_ASM1572234v1_genomic.fa	9	0.00391474554153981
results_all/results_20220409T125210/results_alleles.tsv:GCA_015722355.1_ASM1572235v1_genomic.fa	9	0.00391474554153981
results_all/results_20220409T125210/results_alleles.tsv:GCA_015722375.1_ASM1572237v1_genomic.fa	4	0.0017398869073510514
results_all/results_20220409T125210/results_alleles.tsv:GCA_015722405.1_ASM1572240v1_genomic.fa	5	0.002174858634188759
results_all/results_20220409T125210/results_alleles.tsv:GCA_015722415.1_ASM1572241v1_genomic.fa	3	0.001304915180513233
results_all/results_20220409T125210/results_alleles.tsv:GCA_015722445.1_ASM1572244v1_genomic.fa	7	0.0030448020878642845
results_all/results_20220409T125210/results_alleles.tsv:GCA_015722465.1_ASM1572246v1_genomic.fa	2	0.0008699434536755257
results_all/results_20220409T125210/results_alleles.tsv:GCA_015722475.1_ASM1572247v1_genomic.fa	2	0.0008699434536755257
results_all/results_20220409T125210/results_alleles.tsv:GCA_015722505.1_ASM1572250v1_genomic.fa	2	0.0008699434536755257
results_all/results_20220409T125210/results_alleles.tsv:GCA_015722515.1_ASM1572251v1_genomic.fa	23	0.01000434971726838
results_all/results_20220409T125210/results_alleles.tsv:GCA_015722575.1_ASM1572257v1_genomic.fa	6	0.002609830361026577
results_all/results_20220409T125210/results_alleles.tsv:GCA_015722585.1_ASM1572258v1_genomic.fa	5	0.002174858634188759
results_all/results_20220409T125210/results_alleles.tsv:GCA_015722625.1_ASM1572262v1_genomic.fa	8	0.003479773814701992
results_all/results_20220409T125210/results_alleles.tsv:GCA_015722645.1_ASM1572264v1_genomic.fa	1	0.00043497172683770735
results_all/results_20220409T125210/results_alleles.tsv:GCA_015722665.1_ASM1572266v1_genomic.fa	5	0.002174858634188759
results_all/results_20220409T125210/results_alleles.tsv:GCA_015722685.1_ASM1572268v1_genomic.fa	6	0.002609830361026577
results_all/results_20220409T125210/results_alleles.tsv:GCA_015722695.1_ASM1572269v1_genomic.fa	1	0.00043497172683770735
results_all/results_20220409T125210/results_alleles.tsv:GCA_015722725.1_ASM1572272v1_genomic.fa	3	0.001304915180513233
results_all/results_20220409T125210/results_alleles.tsv:GCA_015722735.1_ASM1572273v1_genomic.fa	7	0.0030448020878642845
results_all/results_20220409T125210/results_alleles.tsv:GCA_015722785.1_ASM1572278v1_genomic.fa	2	0.0008699434536755257
results_all/results_20220409T125210/results_alleles.tsv:GCA_015722825.1_ASM1572282v1_genomic.fa	4	0.0017398869073510514
results_all/results_20220409T125210/results_alleles.tsv:GCA_015722835.1_ASM1572283v1_genomic.fa	3	0.001304915180513233
results_all/results_20220409T125210/results_alleles.tsv:GCA_015722885.1_ASM1572288v1_genomic.fa	4	0.0017398869073510514
results_all/results_20220409T125210/results_alleles.tsv:GCA_015722895.1_ASM1572289v1_genomic.fa	4	0.0017398869073510514
results_all/results_20220409T125210/results_alleles.tsv:GCA_015722915.1_ASM1572291v1_genomic.fa	12	0.005219660722053043
results_all/results_20220409T125210/results_alleles.tsv:GCA_015722935.1_ASM1572293v1_genomic.fa	4	0.0017398869073510514
results_all/results_20220409T125210/results_alleles.tsv:GCA_015722965.1_ASM1572296v1_genomic.fa	2	0.0008699434536755257
results_all/results_20220409T125210/results_alleles.tsv:GCA_015722985.1_ASM1572298v1_genomic.fa	35	0.015224010439321423
results_all/results_20220409T125210/results_alleles.tsv:GCA_015723005.1_ASM1572300v1_genomic.fa	4	0.0017398869073510514
results_all/results_20220409T125210/results_alleles.tsv:GCA_015723015.1_ASM1572301v1_genomic.fa	10	0.004349717268377518
results_all/results_20220409T125210/results_alleles.tsv:GCA_015723045.1_ASM1572304v1_genomic.fa	5	0.002174858634188759
results_all/results_20220409T125210/results_alleles.tsv:GCA_015723065.1_ASM1572306v1_genomic.fa	7	0.0030448020878642845
results_all/results_20220409T125210/results_alleles.tsv:GCA_015723085.1_ASM1572308v1_genomic.fa	6	0.002609830361026577
results_all/results_20220409T125210/results_alleles.tsv:GCA_015723105.1_ASM1572310v1_genomic.fa	1	0.00043497172683770735
results_all/results_20220409T125210/results_alleles.tsv:GCA_015723115.1_ASM1572311v1_genomic.fa	5	0.002174858634188759
results_all/results_20220409T125210/results_alleles.tsv:GCA_015723135.1_ASM1572313v1_genomic.fa	6	0.002609830361026577
results_all/results_20220409T125210/results_alleles.tsv:GCA_015723165.1_ASM1572316v1_genomic.fa	11	0.004784688995215336
results_all/results_20220409T125210/results_alleles.tsv:GCA_015723175.1_ASM1572317v1_genomic.fa	3	0.001304915180513233
results_all/results_20220409T125210/results_alleles.tsv:GCA_015723205.1_ASM1572320v1_genomic.fa	3	0.001304915180513233
results_all/results_20220409T125210/results_alleles.tsv:GCA_015723215.1_ASM1572321v1_genomic.fa	10	0.004349717268377518
results_all/results_20220409T125210/results_alleles.tsv:GCA_015723245.1_ASM1572324v1_genomic.fa	2	0.0008699434536755257
results_all/results_20220409T125210/results_alleles.tsv:GCA_015723265.1_ASM1572326v1_genomic.fa	4	0.0017398869073510514
results_all/results_20220409T125210/results_alleles.tsv:GCA_015723275.1_ASM1572327v1_genomic.fa	4	0.0017398869073510514
results_all/results_20220409T125210/results_alleles.tsv:GCA_015723305.1_ASM1572330v1_genomic.fa	8	0.003479773814701992
results_all/results_20220409T125210/results_alleles.tsv:GCA_015723315.1_ASM1572331v1_genomic.fa	47	0.020443671161374466
results_all/results_20220409T125210/results_alleles.tsv:GCA_015723335.1_ASM1572333v1_genomic.fa	8	0.003479773814701992
results_all/results_20220409T125210/results_alleles.tsv:GCA_015723365.1_ASM1572336v1_genomic.fa	5	0.002174858634188759
results_all/results_20220409T125210/results_alleles.tsv:GCA_015723385.1_ASM1572338v1_genomic.fa	1	0.00043497172683770735
results_all/results_20220409T125210/results_alleles.tsv:GCA_015723405.1_ASM1572340v1_genomic.fa	7	0.0030448020878642845
results_all/results_20220409T125210/results_alleles.tsv:GCA_015723415.1_ASM1572341v1_genomic.fa	153	0.06655067420617655
results_all/results_20220409T125210/results_alleles.tsv:GCA_015723425.1_ASM1572342v1_genomic.fa	150	0.06524575902566332
results_all/results_20220409T125210/results_alleles.tsv:GCA_015723465.1_ASM1572346v1_genomic.fa	1	0.00043497172683770735
results_all/results_20220409T125210/results_alleles.tsv:GCA_015723485.1_ASM1572348v1_genomic.fa	2	0.0008699434536755257
results_all/results_20220409T125210/results_alleles.tsv:GCA_015723495.1_ASM1572349v1_genomic.fa	4	0.0017398869073510514
results_all/results_20220409T125210/results_alleles.tsv:GCA_015723505.1_ASM1572350v1_genomic.fa	6	0.002609830361026577
results_all/results_20220409T125210/results_alleles.tsv:GCA_015723525.1_ASM1572352v1_genomic.fa	10	0.004349717268377518
results_all/results_20220409T125210/results_alleles.tsv:GCA_015723565.1_ASM1572356v1_genomic.fa	3	0.001304915180513233
results_all/results_20220409T125210/results_alleles.tsv:GCA_015723575.1_ASM1572357v1_genomic.fa	6	0.002609830361026577
results_all/results_20220409T125210/results_alleles.tsv:GCA_015723605.1_ASM1572360v1_genomic.fa	12	0.005219660722053043
results_all/results_20220409T125210/results_alleles.tsv:GCA_015723615.1_ASM1572361v1_genomic.fa	13	0.005654632448890862
results_all/results_20220409T125210/results_alleles.tsv:GCA_015723635.1_ASM1572363v1_genomic.fa	5	0.002174858634188759
results_all/results_20220409T125210/results_alleles.tsv:GCA_015723665.1_ASM1572366v1_genomic.fa	7	0.0030448020878642845
results_all/results_20220409T125210/results_alleles.tsv:GCA_015723685.1_ASM1572368v1_genomic.fa	8	0.003479773814701992
results_all/results_20220409T125210/results_alleles.tsv:GCA_015723695.1_ASM1572369v1_genomic.fa	6	0.002609830361026577
results_all/results_20220409T125210/results_alleles.tsv:GCA_015723705.1_ASM1572370v1_genomic.fa	6	0.002609830361026577
results_all/results_20220409T125210/results_alleles.tsv:GCA_015723715.1_ASM1572371v1_genomic.fa	144	0.06263592866463685
results_all/results_20220409T125210/results_alleles.tsv:GCA_015723765.1_ASM1572376v1_genomic.fa	7	0.0030448020878642845
results_all/results_20220409T125210/results_alleles.tsv:GCA_015723785.1_ASM1572378v1_genomic.fa	10	0.004349717268377518
results_all/results_20220409T125210/results_alleles.tsv:GCA_015723825.1_ASM1572382v1_genomic.fa	11	0.004784688995215336
results_all/results_20220409T125210/results_alleles.tsv:GCA_015723845.1_ASM1572384v1_genomic.fa	5	0.002174858634188759
results_all/results_20220409T125210/results_alleles.tsv:GCA_015723855.1_ASM1572385v1_genomic.fa	5	0.002174858634188759
results_all/results_20220409T125210/results_alleles.tsv:GCA_015723885.1_ASM1572388v1_genomic.fa	4	0.0017398869073510514
results_all/results_20220409T125210/results_alleles.tsv:GCA_015723895.1_ASM1572389v1_genomic.fa	2	0.0008699434536755257
results_all/results_20220409T125210/results_alleles.tsv:GCA_015723905.1_ASM1572390v1_genomic.fa	11	0.004784688995215336
results_all/results_20220409T125210/results_alleles.tsv:GCA_015723945.1_ASM1572394v1_genomic.fa	2	0.0008699434536755257
results_all/results_20220409T125210/results_alleles.tsv:GCA_015723965.1_ASM1572396v1_genomic.fa	2	0.0008699434536755257
results_all/results_20220409T125210/results_alleles.tsv:GCA_015723975.1_ASM1572397v1_genomic.fa	13	0.005654632448890862
results_all/results_20220409T125210/results_alleles.tsv:GCA_015723985.1_ASM1572398v1_genomic.fa	4	0.0017398869073510514
results_all/results_20220409T125210/results_alleles.tsv:GCA_015724025.1_ASM1572402v1_genomic.fa	5	0.002174858634188759
results_all/results_20220409T125210/results_alleles.tsv:GCA_015724035.1_ASM1572403v1_genomic.fa	4	0.0017398869073510514
results_all/results_20220409T125210/results_alleles.tsv:GCA_015724065.1_ASM1572406v1_genomic.fa	2	0.0008699434536755257
results_all/results_20220409T125210/results_alleles.tsv:GCA_015724075.1_ASM1572407v1_genomic.fa	3	0.001304915180513233
results_all/results_20220409T125210/results_alleles.tsv:GCA_015724095.1_ASM1572409v1_genomic.fa	130	0.05654632448890817
results_all/results_20220409T125210/results_alleles.tsv:GCA_015724105.1_ASM1572410v1_genomic.fa	2	0.0008699434536755257
results_all/results_20220409T125210/results_alleles.tsv:GCA_015724145.1_ASM1572414v1_genomic.fa	5	0.002174858634188759
results_all/results_20220409T125210/results_alleles.tsv:GCA_015724155.1_ASM1572415v1_genomic.fa	152	0.06611570247933884
results_all/results_20220409T125210/results_alleles.tsv:GCA_015739615.1_ASM1573961v1_genomic.fa	6	0.002609830361026577
results_all/results_20220409T125210/results_alleles.tsv:GCA_015739665.1_ASM1573966v1_genomic.fa	6	0.002609830361026577
results_all/results_20220409T125210/results_alleles.tsv:GCA_015739675.1_ASM1573967v1_genomic.fa	8	0.003479773814701992
results_all/results_20220409T125210/results_alleles.tsv:GCA_015739695.1_ASM1573969v1_genomic.fa	6	0.002609830361026577
results_all/results_20220409T125210/results_alleles.tsv:GCA_015739725.1_ASM1573972v1_genomic.fa	3	0.001304915180513233
results_all/results_20220409T125210/results_alleles.tsv:GCA_015739735.1_ASM1573973v1_genomic.fa	2	0.0008699434536755257
results_all/results_20220409T125210/results_alleles.tsv:GCA_015739775.1_ASM1573977v1_genomic.fa	2	0.0008699434536755257
results_all/results_20220409T125210/results_alleles.tsv:GCA_015739805.1_ASM1573980v1_genomic.fa	3	0.001304915180513233
results_all/results_20220409T125210/results_alleles.tsv:GCA_015739815.1_ASM1573981v1_genomic.fa	6	0.002609830361026577
results_all/results_20220409T125210/results_alleles.tsv:GCA_015739845.1_ASM1573984v1_genomic.fa	3	0.001304915180513233
results_all/results_20220409T125210/results_alleles.tsv:GCA_015739855.1_ASM1573985v1_genomic.fa	2	0.0008699434536755257
results_all/results_20220409T125210/results_alleles.tsv:GCA_015739885.1_ASM1573988v1_genomic.fa	19	0.008264462809917328
results_all/results_20220409T125210/results_alleles.tsv:GCA_015739895.1_ASM1573989v1_genomic.fa	4	0.0017398869073510514
results_all/results_20220409T125210/results_alleles.tsv:GCA_015739935.1_ASM1573993v1_genomic.fa	7	0.0030448020878642845
results_all/results_20220409T125210/results_alleles.tsv:GCA_015739965.1_ASM1573996v1_genomic.fa	3	0.001304915180513233
results_all/results_20220409T125210/results_alleles.tsv:GCA_015739975.1_ASM1573997v1_genomic.fa	1	0.00043497172683770735
results_all/results_20220409T125210/results_alleles.tsv:GCA_015739985.1_ASM1573998v1_genomic.fa	6	0.002609830361026577
results_all/results_20220409T125210/results_alleles.tsv:GCA_015740015.1_ASM1574001v1_genomic.fa	3	0.001304915180513233
results_all/results_20220409T125210/results_alleles.tsv:GCA_015740035.1_ASM1574003v1_genomic.fa	2	0.0008699434536755257
results_all/results_20220409T125210/results_alleles.tsv:GCA_015740065.1_ASM1574006v1_genomic.fa	6	0.002609830361026577
results_all/results_20220409T125210/results_alleles.tsv:GCA_015740075.1_ASM1574007v1_genomic.fa	2	0.0008699434536755257
results_all/results_20220409T125210/results_alleles.tsv:GCA_015740115.1_ASM1574011v1_genomic.fa	5	0.002174858634188759
results_all/results_20220409T125210/results_alleles.tsv:GCA_015740125.1_ASM1574012v1_genomic.fa	6	0.002609830361026577
results_all/results_20220409T125210/results_alleles.tsv:GCA_015740165.1_ASM1574016v1_genomic.fa	6	0.002609830361026577
results_all/results_20220409T125210/results_alleles.tsv:GCA_015740185.1_ASM1574018v1_genomic.fa	139	0.06046107003044798
results_all/results_20220409T125210/results_alleles.tsv:GCA_015740195.1_ASM1574019v1_genomic.fa	139	0.06046107003044798
results_all/results_20220409T125210/results_alleles.tsv:GCA_015740235.1_ASM1574023v1_genomic.fa	2	0.0008699434536755257
results_all/results_20220409T125210/results_alleles.tsv:GCA_015740265.1_ASM1574026v1_genomic.fa	6	0.002609830361026577
results_all/results_20220409T125210/results_alleles.tsv:GCA_015893265.1_PDT000881395.1_genomic.fa	23	0.01000434971726838
results_all/results_20220409T125210/results_alleles.tsv:GCA_015896365.1_PDT000879472.1_genomic.fa	44	0.019138755980861233
results_all/results_20220409T125210/results_alleles.tsv:GCA_015901445.1_PDT000868692.1_genomic.fa	81	0.03523270987385818
results_all/results_20220409T125210/results_alleles.tsv:GCA_015902305.1_PDT000868691.1_genomic.fa	59	0.02566333188342762
results_all/results_20220409T125210/results_alleles.tsv:GCA_015929845.1_PDT000821565.1_genomic.fa	57	0.024793388429752095
results_all/results_20220409T125210/results_alleles.tsv:GCA_015929885.1_PDT000799982.1_genomic.fa	76	0.03305785123966942
results_all/results_20220409T125210/results_alleles.tsv:GCA_015937185.1_PDT000725315.1_genomic.fa	91	0.03958242714223581
results_all/results_20220409T125210/results_alleles.tsv:GCA_015940865.1_PDT000716788.1_genomic.fa	90	0.03914745541539799
results_all/results_20220409T125210/results_alleles.tsv:GCA_015940905.1_PDT000716786.1_genomic.fa	87	0.03784254023488476
results_all/results_20220409T125210/results_alleles.tsv:GCA_015940965.1_PDT000716789.1_genomic.fa	79	0.034362766420182655
results_all/results_20220409T125210/results_alleles.tsv:GCA_015943445.1_PDT000712927.1_genomic.fa	78	0.03392779469334495
results_all/results_20220409T125210/results_alleles.tsv:GCA_015944265.1_PDT000673200.1_genomic.fa	74	0.0321879077859939
results_all/results_20220409T125210/results_alleles.tsv:GCA_015944345.1_PDT000673202.1_genomic.fa	69	0.030013049151805138
results_all/results_20220409T125210/results_alleles.tsv:GCA_015944365.1_PDT000673207.1_genomic.fa	63	0.02740321879077856
results_all/results_20220409T125210/results_alleles.tsv:GCA_015944385.1_PDT000673196.1_genomic.fa	32	0.01391909525880819
results_all/results_20220409T125210/results_alleles.tsv:GCA_015944425.1_PDT000673197.1_genomic.fa	25	0.010874293170943905
results_all/results_20220409T125210/results_alleles.tsv:GCA_015944445.1_PDT000673190.1_genomic.fa	49	0.02131361461504999
results_all/results_20220409T125210/results_alleles.tsv:GCA_015944495.1_PDT000673188.1_genomic.fa	54	0.02348847324923875
results_all/results_20220409T125210/results_alleles.tsv:GCA_015944505.1_PDT000673192.1_genomic.fa	16	0.006959547629404095
results_all/results_20220409T125210/results_alleles.tsv:GCA_015944535.1_PDT000673145.1_genomic.fa	42	0.018268812527185707
results_all/results_20220409T125210/results_alleles.tsv:GCA_015944555.1_PDT000673195.1_genomic.fa	22	0.009569377990430672
results_all/results_20220409T125210/results_alleles.tsv:GCA_015944575.1_PDT000673193.1_genomic.fa	61	0.026533275337103035
results_all/results_20220409T125210/results_alleles.tsv:GCA_015944635.1_PDT000673189.1_genomic.fa	59	0.02566333188342762
results_all/results_20220409T125210/results_alleles.tsv:GCA_016065595.1_PDT000590006.1_genomic.fa	96	0.04175728577642457
results_all/results_20220409T125210/results_alleles.tsv:GCA_016065825.1_PDT000589436.1_genomic.fa	25	0.010874293170943905
results_all/results_20220409T125210/results_alleles.tsv:GCA_016065855.1_PDT000589415.1_genomic.fa	22	0.009569377990430672
results_all/results_20220409T125210/results_alleles.tsv:GCA_016068675.1_PDT000538616.1_genomic.fa	67	0.029143105698129612
results_all/results_20220409T125210/results_alleles.tsv:GCA_016072555.1_PDT000444185.1_genomic.fa	49	0.02131361461504999
results_all/results_20220409T125210/results_alleles.tsv:GCA_016072715.1_PDT000443916.1_genomic.fa	73	0.03175293605915619
results_all/results_20220409T125210/results_alleles.tsv:GCA_016073055.1_PDT000444140.1_genomic.fa	49	0.02131361461504999
results_all/results_20220409T125210/results_alleles.tsv:GCA_016073175.1_PDT000444172.1_genomic.fa	50	0.02174858634188781
results_all/results_20220409T125210/results_alleles.tsv:GCA_016073355.1_PDT000444173.1_genomic.fa	50	0.02174858634188781
results_all/results_20220409T125210/results_alleles.tsv:GCA_016074875.1_PDT000434773.1_genomic.fa	12	0.005219660722053043
results_all/results_20220409T125210/results_alleles.tsv:GCA_016075815.1_PDT000433411.1_genomic.fa	29	0.012614180078294956
results_all/results_20220409T125210/results_alleles.tsv:GCA_016085315.1_PDT000160796.1_genomic.fa	5	0.002174858634188759
results_all/results_20220409T125210/results_alleles.tsv:GCA_016085425.1_PDT000160801.1_genomic.fa	6	0.002609830361026577
results_all/results_20220409T125210/results_alleles.tsv:GCA_016085575.1_PDT000160805.1_genomic.fa	2	0.0008699434536755257
results_all/results_20220409T125210/results_alleles.tsv:GCA_016085595.1_PDT000160832.1_genomic.fa	1	0.00043497172683770735
results_all/results_20220409T125210/results_alleles.tsv:GCA_016085615.1_PDT000160800.1_genomic.fa	5	0.002174858634188759
results_all/results_20220409T125210/results_alleles.tsv:GCA_016085655.1_PDT000160798.1_genomic.fa	1	0.00043497172683770735
results_all/results_20220409T125210/results_alleles.tsv:GCA_016085735.1_PDT000160794.1_genomic.fa	1	0.00043497172683770735
results_all/results_20220409T125210/results_alleles.tsv:GCA_016085745.1_PDT000160833.1_genomic.fa	5	0.002174858634188759
results_all/results_20220409T125210/results_alleles.tsv:GCA_016085795.1_PDT000160779.1_genomic.fa	6	0.002609830361026577
results_all/results_20220409T125210/results_alleles.tsv:GCA_016085815.1_PDT000160778.1_genomic.fa	6	0.002609830361026577
results_all/results_20220409T125210/results_alleles.tsv:GCA_016085855.1_PDT000160694.1_genomic.fa	6	0.002609830361026577
results_all/results_20220409T125210/results_alleles.tsv:GCA_016086495.1_PDT000136649.1_genomic.fa	10	0.004349717268377518
results_all/results_20220409T125210/results_alleles.tsv:GCA_016087455.1_PDT000133644.1_genomic.fa	6	0.002609830361026577
results_all/results_20220409T125210/results_alleles.tsv:GCA_016237245.1_ASM1623724v1_genomic.fa	7	0.0030448020878642845
results_all/results_20220409T125210/results_alleles.tsv:GCA_016237315.1_ASM1623731v1_genomic.fa	6	0.002609830361026577
results_all/results_20220409T125210/results_alleles.tsv:GCA_016237355.1_ASM1623735v1_genomic.fa	5	0.002174858634188759
results_all/results_20220409T125210/results_alleles.tsv:GCA_016237385.1_ASM1623738v1_genomic.fa	5	0.002174858634188759
results_all/results_20220409T125210/results_alleles.tsv:GCA_016237405.1_ASM1623740v1_genomic.fa	18	0.00782949108307962
results_all/results_20220409T125210/results_alleles.tsv:GCA_016237435.1_ASM1623743v1_genomic.fa	3	0.001304915180513233
results_all/results_20220409T125210/results_alleles.tsv:GCA_016237455.1_ASM1623745v1_genomic.fa	8	0.003479773814701992
results_all/results_20220409T125210/results_alleles.tsv:GCA_016237475.1_ASM1623747v1_genomic.fa	16	0.006959547629404095
results_all/results_20220409T125210/results_alleles.tsv:GCA_016237505.1_ASM1623750v1_genomic.fa	5	0.002174858634188759
results_all/results_20220409T125210/results_alleles.tsv:GCA_016237525.1_ASM1623752v1_genomic.fa	3	0.001304915180513233
results_all/results_20220409T125210/results_alleles.tsv:GCA_016237545.1_ASM1623754v1_genomic.fa	12	0.005219660722053043
results_all/results_20220409T125210/results_alleles.tsv:GCA_016237565.1_ASM1623756v1_genomic.fa	19	0.008264462809917328
results_all/results_20220409T125210/results_alleles.tsv:GCA_016237585.1_ASM1623758v1_genomic.fa	20	0.008699434536755146
results_all/results_20220409T125210/results_alleles.tsv:GCA_016237605.1_ASM1623760v1_genomic.fa	8	0.003479773814701992
results_all/results_20220409T125210/results_alleles.tsv:GCA_016237625.1_ASM1623762v1_genomic.fa	12	0.005219660722053043
results_all/results_20220409T125210/results_alleles.tsv:GCA_016237645.1_ASM1623764v1_genomic.fa	12	0.005219660722053043
results_all/results_20220409T125210/results_alleles.tsv:GCA_016237665.1_ASM1623766v1_genomic.fa	15	0.006524575902566387
results_all/results_20220409T125210/results_alleles.tsv:GCA_016237685.1_ASM1623768v1_genomic.fa	6	0.002609830361026577
results_all/results_20220409T125210/results_alleles.tsv:GCA_016237715.1_ASM1623771v1_genomic.fa	18	0.00782949108307962
results_all/results_20220409T125210/results_alleles.tsv:GCA_016237745.1_ASM1623774v1_genomic.fa	14	0.006089604175728569
results_all/results_20220409T125210/results_alleles.tsv:GCA_016237765.1_ASM1623776v1_genomic.fa	20	0.008699434536755146
results_all/results_20220409T125210/results_alleles.tsv:GCA_016237785.1_ASM1623778v1_genomic.fa	18	0.00782949108307962
results_all/results_20220409T125210/results_alleles.tsv:GCA_016237805.1_ASM1623780v1_genomic.fa	29	0.012614180078294956
results_all/results_20220409T125210/results_alleles.tsv:GCA_016237825.1_ASM1623782v1_genomic.fa	9	0.00391474554153981
results_all/results_20220409T125210/results_alleles.tsv:GCA_016237845.1_ASM1623784v1_genomic.fa	18	0.00782949108307962
results_all/results_20220409T125210/results_alleles.tsv:GCA_016237865.1_ASM1623786v1_genomic.fa	18	0.00782949108307962
results_all/results_20220409T125210/results_alleles.tsv:GCA_016237885.1_ASM1623788v1_genomic.fa	29	0.012614180078294956
results_all/results_20220409T125210/results_alleles.tsv:GCA_016237905.1_ASM1623790v1_genomic.fa	6	0.002609830361026577
results_all/results_20220409T125210/results_alleles.tsv:GCA_016237925.1_ASM1623792v1_genomic.fa	18	0.00782949108307962
results_all/results_20220409T125210/results_alleles.tsv:GCA_016237945.1_ASM1623794v1_genomic.fa	31	0.013484123531970371
results_all/results_20220409T125210/results_alleles.tsv:GCA_016237965.1_ASM1623796v1_genomic.fa	53	0.023053501522401043
results_all/results_20220409T125210/results_alleles.tsv:GCA_016238005.1_ASM1623800v1_genomic.fa	41	0.017833840800348
results_all/results_20220409T125210/results_alleles.tsv:GCA_016238025.1_ASM1623802v1_genomic.fa	25	0.010874293170943905
results_all/results_20220409T125210/results_alleles.tsv:GCA_016238045.1_ASM1623804v1_genomic.fa	16	0.006959547629404095
results_all/results_20220409T125210/results_alleles.tsv:GCA_016238065.1_ASM1623806v1_genomic.fa	36	0.01565898216615924
results_all/results_20220409T125210/results_alleles.tsv:GCA_016238085.1_ASM1623808v1_genomic.fa	35	0.015224010439321423
results_all/results_20220409T125210/results_alleles.tsv:GCA_016238115.1_ASM1623811v1_genomic.fa	2	0.0008699434536755257
results_all/results_20220409T125210/results_alleles.tsv:GCA_016238145.1_ASM1623814v1_genomic.fa	4	0.0017398869073510514
results_all/results_20220409T125210/results_alleles.tsv:GCA_016238165.1_ASM1623816v1_genomic.fa	3	0.001304915180513233
results_all/results_20220409T125210/results_alleles.tsv:GCA_016238185.1_ASM1623818v1_genomic.fa	2	0.0008699434536755257
results_all/results_20220409T125210/results_alleles.tsv:GCA_016238205.1_ASM1623820v1_genomic.fa	4	0.0017398869073510514
results_all/results_20220409T125210/results_alleles.tsv:GCA_016238225.1_ASM1623822v1_genomic.fa	3	0.001304915180513233
results_all/results_20220409T125210/results_alleles.tsv:GCA_016238235.1_ASM1623823v1_genomic.fa	3	0.001304915180513233
results_all/results_20220409T125210/results_alleles.tsv:GCA_016238255.1_ASM1623825v1_genomic.fa	3	0.001304915180513233
results_all/results_20220409T125210/results_alleles.tsv:GCA_016238285.1_ASM1623828v1_genomic.fa	6	0.002609830361026577
results_all/results_20220409T125210/results_alleles.tsv:GCA_016238305.1_ASM1623830v1_genomic.fa	2	0.0008699434536755257
results_all/results_20220409T125210/results_alleles.tsv:GCA_016238325.1_ASM1623832v1_genomic.fa	5	0.002174858634188759
results_all/results_20220409T125210/results_alleles.tsv:GCA_016238345.1_ASM1623834v1_genomic.fa	3	0.001304915180513233
results_all/results_20220409T125210/results_alleles.tsv:GCA_016238365.1_ASM1623836v1_genomic.fa	14	0.006089604175728569
results_all/results_20220409T125210/results_alleles.tsv:GCA_016238385.1_ASM1623838v1_genomic.fa	5	0.002174858634188759
results_all/results_20220409T125210/results_alleles.tsv:GCA_016238405.1_ASM1623840v1_genomic.fa	1	0.00043497172683770735
results_all/results_20220409T125210/results_alleles.tsv:GCA_016238425.1_ASM1623842v1_genomic.fa	9	0.00391474554153981
results_all/results_20220409T125210/results_alleles.tsv:GCA_016238475.1_ASM1623847v1_genomic.fa	6	0.002609830361026577
results_all/results_20220409T125210/results_alleles.tsv:GCA_016238505.1_ASM1623850v1_genomic.fa	4	0.0017398869073510514
results_all/results_20220409T125210/results_alleles.tsv:GCA_016238525.1_ASM1623852v1_genomic.fa	15	0.006524575902566387
results_all/results_20220409T125210/results_alleles.tsv:GCA_016238565.1_ASM1623856v1_genomic.fa	1	0.00043497172683770735
results_all/results_20220409T125210/results_alleles.tsv:GCA_016238585.1_ASM1623858v1_genomic.fa	8	0.003479773814701992
results_all/results_20220409T125210/results_alleles.tsv:GCA_016238605.1_ASM1623860v1_genomic.fa	2	0.0008699434536755257
results_all/results_20220409T125210/results_alleles.tsv:GCA_016238625.1_ASM1623862v1_genomic.fa	7	0.0030448020878642845
results_all/results_20220409T125210/results_alleles.tsv:GCA_016238645.1_ASM1623864v1_genomic.fa	3	0.001304915180513233
results_all/results_20220409T125210/results_alleles.tsv:GCA_016238665.1_ASM1623866v1_genomic.fa	1	0.00043497172683770735
results_all/results_20220409T125210/results_alleles.tsv:GCA_016238675.1_ASM1623867v1_genomic.fa	1	0.00043497172683770735
results_all/results_20220409T125210/results_alleles.tsv:GCA_016238705.1_ASM1623870v1_genomic.fa	2	0.0008699434536755257
results_all/results_20220409T125210/results_alleles.tsv:GCA_016238725.1_ASM1623872v1_genomic.fa	3	0.001304915180513233
results_all/results_20220409T125210/results_alleles.tsv:GCA_016238745.1_ASM1623874v1_genomic.fa	9	0.00391474554153981
results_all/results_20220409T125210/results_alleles.tsv:GCA_016238755.1_ASM1623875v1_genomic.fa	6	0.002609830361026577
results_all/results_20220409T125210/results_alleles.tsv:GCA_016238785.1_ASM1623878v1_genomic.fa	7	0.0030448020878642845
results_all/results_20220409T125210/results_alleles.tsv:GCA_016238805.1_ASM1623880v1_genomic.fa	1	0.00043497172683770735
results_all/results_20220409T125210/results_alleles.tsv:GCA_016238825.1_ASM1623882v1_genomic.fa	1	0.00043497172683770735
results_all/results_20220409T125210/results_alleles.tsv:GCA_016238845.1_ASM1623884v1_genomic.fa	0	0.0
results_all/results_20220409T125210/results_alleles.tsv:GCA_016238865.1_ASM1623886v1_genomic.fa	6	0.002609830361026577
results_all/results_20220409T125210/results_alleles.tsv:GCA_016238885.1_ASM1623888v1_genomic.fa	3	0.001304915180513233
results_all/results_20220409T125210/results_alleles.tsv:GCA_016238905.1_ASM1623890v1_genomic.fa	1	0.00043497172683770735
results_all/results_20220409T125210/results_alleles.tsv:GCA_016238925.1_ASM1623892v1_genomic.fa	8	0.003479773814701992
results_all/results_20220409T125210/results_alleles.tsv:GCA_016238945.1_ASM1623894v1_genomic.fa	1	0.00043497172683770735
results_all/results_20220409T125210/results_alleles.tsv:GCA_016238965.1_ASM1623896v1_genomic.fa	10	0.004349717268377518
results_all/results_20220409T125210/results_alleles.tsv:GCA_016238985.1_ASM1623898v1_genomic.fa	1	0.00043497172683770735
results_all/results_20220409T125210/results_alleles.tsv:GCA_016239005.1_ASM1623900v1_genomic.fa	5	0.002174858634188759
results_all/results_20220409T125210/results_alleles.tsv:GCA_016239025.1_ASM1623902v1_genomic.fa	3	0.001304915180513233
results_all/results_20220409T125210/results_alleles.tsv:GCA_016239045.1_ASM1623904v1_genomic.fa	5	0.002174858634188759
results_all/results_20220409T125210/results_alleles.tsv:GCA_016239065.1_ASM1623906v1_genomic.fa	4	0.0017398869073510514
results_all/results_20220409T125210/results_alleles.tsv:GCA_016239085.1_ASM1623908v1_genomic.fa	0	0.0
results_all/results_20220409T125210/results_alleles.tsv:GCA_016239105.1_ASM1623910v1_genomic.fa	7	0.0030448020878642845
results_all/results_20220409T125210/results_alleles.tsv:GCA_016239125.1_ASM1623912v1_genomic.fa	2	0.0008699434536755257
results_all/results_20220409T125210/results_alleles.tsv:GCA_016239145.1_ASM1623914v1_genomic.fa	12	0.005219660722053043
results_all/results_20220409T125210/results_alleles.tsv:GCA_016239175.1_ASM1623917v1_genomic.fa	0	0.0
results_all/results_20220409T125210/results_alleles.tsv:GCA_016239195.1_ASM1623919v1_genomic.fa	3	0.001304915180513233
results_all/results_20220409T125210/results_alleles.tsv:GCA_016239225.1_ASM1623922v1_genomic.fa	0	0.0
results_all/results_20220409T125210/results_alleles.tsv:GCA_016239245.1_ASM1623924v1_genomic.fa	8	0.003479773814701992
results_all/results_20220409T125210/results_alleles.tsv:GCA_016239265.1_ASM1623926v1_genomic.fa	5	0.002174858634188759
results_all/results_20220409T125210/results_alleles.tsv:GCA_016239285.1_ASM1623928v1_genomic.fa	13	0.005654632448890862
results_all/results_20220409T125210/results_alleles.tsv:GCA_016239355.1_ASM1623935v1_genomic.fa	9	0.00391474554153981
results_all/results_20220409T125210/results_alleles.tsv:GCA_016746155.1_ASM1674615v1_genomic.fa	1	0.00043497172683770735
results_all/results_20220409T125210/results_alleles.tsv:GCA_016746175.1_ASM1674617v1_genomic.fa	1	0.00043497172683770735
results_all/results_20220409T125210/results_alleles.tsv:GCA_016746195.1_ASM1674619v1_genomic.fa	1	0.00043497172683770735
results_all/results_20220409T125210/results_alleles.tsv:GCA_016746215.1_ASM1674621v1_genomic.fa	1	0.00043497172683770735
results_all/results_20220409T125210/results_alleles.tsv:GCA_016905865.1_ASM1690586v1_genomic.fa	49	0.02131361461504999
results_all/results_20220409T125210/results_alleles.tsv:GCA_016974075.1_PDT000968707.1_genomic.fa	89	0.038712483688560284
results_all/results_20220409T125210/results_alleles.tsv:GCA_017114525.1_ASM1711452v1_genomic.fa	18	0.00782949108307962
results_all/results_20220409T125210/results_alleles.tsv:GCA_017116785.1_ASM1711678v1_genomic.fa	20	0.008699434536755146
results_all/results_20220409T125210/results_alleles.tsv:GCA_017116795.1_ASM1711679v1_genomic.fa	2	0.0008699434536755257
results_all/results_20220409T125210/results_alleles.tsv:GCA_017119605.1_PDT000949973.1_genomic.fa	44	0.019138755980861233
results_all/results_20220409T125210/results_alleles.tsv:GCA_017142915.1_PDT000947578.1_genomic.fa	52	0.022618529795563336
results_all/results_20220409T125210/results_alleles.tsv:GCA_017169595.1_ASM1716959v1_genomic.fa	2	0.0008699434536755257
results_all/results_20220409T125210/results_alleles.tsv:GCA_017169615.1_ASM1716961v1_genomic.fa	3	0.001304915180513233
results_all/results_20220409T125210/results_alleles.tsv:GCA_017169635.1_ASM1716963v1_genomic.fa	4	0.0017398869073510514
results_all/results_20220409T125210/results_alleles.tsv:GCA_017169655.1_ASM1716965v1_genomic.fa	4	0.0017398869073510514
results_all/results_20220409T125210/results_alleles.tsv:GCA_017169675.1_ASM1716967v1_genomic.fa	5	0.002174858634188759
results_all/results_20220409T125210/results_alleles.tsv:GCA_017169695.1_ASM1716969v1_genomic.fa	4	0.0017398869073510514
results_all/results_20220409T125210/results_alleles.tsv:GCA_017169715.1_ASM1716971v1_genomic.fa	7	0.0030448020878642845
results_all/results_20220409T125210/results_alleles.tsv:GCA_017169735.1_ASM1716973v1_genomic.fa	7	0.0030448020878642845
results_all/results_20220409T125210/results_alleles.tsv:GCA_017169745.1_ASM1716974v1_genomic.fa	7	0.0030448020878642845
results_all/results_20220409T125210/results_alleles.tsv:GCA_017169755.1_ASM1716975v1_genomic.fa	7	0.0030448020878642845
results_all/results_20220409T125210/results_alleles.tsv:GCA_017169795.1_ASM1716979v1_genomic.fa	25	0.010874293170943905
results_all/results_20220409T125210/results_alleles.tsv:GCA_017169815.1_ASM1716981v1_genomic.fa	7	0.0030448020878642845
results_all/results_20220409T125210/results_alleles.tsv:GCA_017169835.1_ASM1716983v1_genomic.fa	7	0.0030448020878642845
results_all/results_20220409T125210/results_alleles.tsv:GCA_017169855.1_ASM1716985v1_genomic.fa	7	0.0030448020878642845
results_all/results_20220409T125210/results_alleles.tsv:GCA_017169865.1_ASM1716986v1_genomic.fa	7	0.0030448020878642845
results_all/results_20220409T125210/results_alleles.tsv:GCA_017169895.1_ASM1716989v1_genomic.fa	7	0.0030448020878642845
results_all/results_20220409T125210/results_alleles.tsv:GCA_017169915.1_ASM1716991v1_genomic.fa	7	0.0030448020878642845
results_all/results_20220409T125210/results_alleles.tsv:GCA_017169925.1_ASM1716992v1_genomic.fa	7	0.0030448020878642845
results_all/results_20220409T125210/results_alleles.tsv:GCA_017169955.1_ASM1716995v1_genomic.fa	7	0.0030448020878642845
results_all/results_20220409T125210/results_alleles.tsv:GCA_017169975.1_ASM1716997v1_genomic.fa	7	0.0030448020878642845
results_all/results_20220409T125210/results_alleles.tsv:GCA_017169995.1_ASM1716999v1_genomic.fa	8	0.003479773814701992
results_all/results_20220409T125210/results_alleles.tsv:GCA_017170015.1_ASM1717001v1_genomic.fa	7	0.0030448020878642845
results_all/results_20220409T125210/results_alleles.tsv:GCA_017170035.1_ASM1717003v1_genomic.fa	7	0.0030448020878642845
results_all/results_20220409T125210/results_alleles.tsv:GCA_017170055.1_ASM1717005v1_genomic.fa	7	0.0030448020878642845
results_all/results_20220409T125210/results_alleles.tsv:GCA_017309565.1_ASM1730956v1_genomic.fa	4	0.0017398869073510514
results_all/results_20220409T125210/results_alleles.tsv:GCA_017693175.1_ASM1769317v1_genomic.fa	3	0.001304915180513233
results_all/results_20220409T125210/results_alleles.tsv:GCA_017693215.1_ASM1769321v1_genomic.fa	18	0.00782949108307962
results_all/results_20220409T125210/results_alleles.tsv:GCA_017693275.1_ASM1769327v1_genomic.fa	0	0.0
results_all/results_20220409T125210/results_alleles.tsv:GCA_017693315.1_ASM1769331v1_genomic.fa	10	0.004349717268377518
results_all/results_20220409T125210/results_alleles.tsv:GCA_017693355.1_ASM1769335v1_genomic.fa	4	0.0017398869073510514
results_all/results_20220409T125210/results_alleles.tsv:GCA_017693395.1_ASM1769339v1_genomic.fa	0	0.0
results_all/results_20220409T125210/results_alleles.tsv:GCA_017693405.1_ASM1769340v1_genomic.fa	4	0.0017398869073510514
results_all/results_20220409T125210/results_alleles.tsv:GCA_018067425.1_ASM1806742v1_genomic.fa	6	0.002609830361026577
results_all/results_20220409T125210/results_alleles.tsv:GCA_018067625.1_ASM1806762v1_genomic.fa	2	0.0008699434536755257
results_all/results_20220409T125210/results_alleles.tsv:GCA_018067675.1_ASM1806767v1_genomic.fa	2	0.0008699434536755257
results_all/results_20220409T125210/results_alleles.tsv:GCA_018067725.1_ASM1806772v1_genomic.fa	3	0.001304915180513233
results_all/results_20220409T125210/results_alleles.tsv:GCA_018067925.1_ASM1806792v1_genomic.fa	6	0.002609830361026577
results_all/results_20220409T125210/results_alleles.tsv:GCA_018067965.1_ASM1806796v1_genomic.fa	6	0.002609830361026577
results_all/results_20220409T125210/results_alleles.tsv:GCA_018068005.1_ASM1806800v1_genomic.fa	19	0.008264462809917328
results_all/results_20220409T125210/results_alleles.tsv:GCA_018068025.1_ASM1806802v1_genomic.fa	25	0.010874293170943905
results_all/results_20220409T125210/results_alleles.tsv:GCA_018068065.1_ASM1806806v1_genomic.fa	48	0.020878642888212284
results_all/results_20220409T125210/results_alleles.tsv:GCA_018068085.1_ASM1806808v1_genomic.fa	18	0.00782949108307962
results_all/results_20220409T125210/results_alleles.tsv:GCA_018068325.1_ASM1806832v1_genomic.fa	12	0.005219660722053043
results_all/results_20220409T125210/results_alleles.tsv:GCA_018068605.1_ASM1806860v1_genomic.fa	0	0.0
results_all/results_20220409T125210/results_alleles.tsv:GCA_018068805.1_ASM1806880v1_genomic.fa	5	0.002174858634188759
results_all/results_20220409T125210/results_alleles.tsv:GCA_018068845.1_ASM1806884v1_genomic.fa	3	0.001304915180513233
results_all/results_20220409T125210/results_alleles.tsv:GCA_018068875.1_ASM1806887v1_genomic.fa	4	0.0017398869073510514
results_all/results_20220409T125210/results_alleles.tsv:GCA_018068905.1_ASM1806890v1_genomic.fa	37	0.01609395389299695
results_all/results_20220409T125210/results_alleles.tsv:GCA_018068925.1_ASM1806892v1_genomic.fa	8	0.003479773814701992
results_all/results_20220409T125210/results_alleles.tsv:GCA_018068945.1_ASM1806894v1_genomic.fa	45	0.01957372770769905
results_all/results_20220409T125210/results_alleles.tsv:GCA_018068965.1_ASM1806896v1_genomic.fa	35	0.015224010439321423
results_all/results_20220409T125210/results_alleles.tsv:GCA_018068985.1_ASM1806898v1_genomic.fa	42	0.018268812527185707
results_all/results_20220409T125210/results_alleles.tsv:GCA_018068995.1_ASM1806899v1_genomic.fa	33	0.014354066985645897
results_all/results_20220409T125210/results_alleles.tsv:GCA_018069025.1_ASM1806902v1_genomic.fa	33	0.014354066985645897
results_all/results_20220409T125210/results_alleles.tsv:GCA_018069045.1_ASM1806904v1_genomic.fa	49	0.02131361461504999
results_all/results_20220409T125210/results_alleles.tsv:GCA_018069065.1_ASM1806906v1_genomic.fa	3	0.001304915180513233
results_all/results_20220409T125210/results_alleles.tsv:GCA_018069075.1_ASM1806907v1_genomic.fa	4	0.0017398869073510514
results_all/results_20220409T125210/results_alleles.tsv:GCA_018069105.1_ASM1806910v1_genomic.fa	4	0.0017398869073510514
results_all/results_20220409T125210/results_alleles.tsv:GCA_018069145.1_ASM1806914v1_genomic.fa	57	0.024793388429752095
results_all/results_20220409T125210/results_alleles.tsv:GCA_018069435.1_ASM1806943v1_genomic.fa	1	0.00043497172683770735
results_all/results_20220409T125210/results_alleles.tsv:GCA_018154155.1_PDT001013796.1_genomic.fa	63	0.02740321879077856
results_all/results_20220409T125210/results_alleles.tsv:GCA_018157165.1_PDT001013633.1_genomic.fa	31	0.013484123531970371
results_all/results_20220409T125210/results_alleles.tsv:GCA_018157255.1_PDT001013630.1_genomic.fa	18	0.00782949108307962
results_all/results_20220409T125210/results_alleles.tsv:GCA_018157615.1_PDT001013604.1_genomic.fa	40	0.01739886907351018
results_all/results_20220409T125210/results_alleles.tsv:GCA_018157635.1_PDT001013603.1_genomic.fa	31	0.013484123531970371
results_all/results_20220409T125210/results_alleles.tsv:GCA_018158335.1_PDT001013556.1_genomic.fa	62	0.026968247063940853
results_all/results_20220409T125210/results_alleles.tsv:GCA_018158435.1_PDT001013551.1_genomic.fa	76	0.03305785123966942
results_all/results_20220409T125210/results_alleles.tsv:GCA_018158735.1_PDT001013533.1_genomic.fa	97	0.042192257503262276
results_all/results_20220409T125210/results_alleles.tsv:GCA_018158815.1_PDT001013530.1_genomic.fa	24	0.010439321444106087
results_all/results_20220409T125210/results_alleles.tsv:GCA_018159195.1_PDT001013499.1_genomic.fa	17	0.007394519356241802
results_all/results_20220409T125210/results_alleles.tsv:GCA_018159215.1_PDT001013503.1_genomic.fa	10	0.004349717268377518
results_all/results_20220409T125210/results_alleles.tsv:GCA_018159695.1_PDT001013464.1_genomic.fa	59	0.02566333188342762
results_all/results_20220409T125210/results_alleles.tsv:GCA_018159935.1_PDT001013442.1_genomic.fa	58	0.025228360156589802
results_all/results_20220409T125210/results_alleles.tsv:GCA_018160135.1_PDT001013426.1_genomic.fa	88	0.038277511961722466
results_all/results_20220409T125210/results_alleles.tsv:GCA_018160275.1_PDT001013415.1_genomic.fa	71	0.030882992605480664
results_all/results_20220409T125210/results_alleles.tsv:GCA_018160315.1_PDT001013419.1_genomic.fa	30	0.013049151805132664
results_all/results_20220409T125210/results_alleles.tsv:GCA_018160475.1_PDT001013401.1_genomic.fa	73	0.03175293605915619
results_all/results_20220409T125210/results_alleles.tsv:GCA_018161675.1_PDT001013313.1_genomic.fa	63	0.02740321879077856
results_all/results_20220409T125210/results_alleles.tsv:GCA_018161895.1_PDT001013293.1_genomic.fa	26	0.011309264897781612
results_all/results_20220409T125210/results_alleles.tsv:GCA_018162175.1_PDT001013264.1_genomic.fa	59	0.02566333188342762
results_all/results_20220409T125210/results_alleles.tsv:GCA_018164115.1_PDT001013132.1_genomic.fa	29	0.012614180078294956
results_all/results_20220409T125210/results_alleles.tsv:GCA_018165475.1_PDT001013111.1_genomic.fa	34	0.014789038712483715
results_all/results_20220409T125210/results_alleles.tsv:GCA_018165875.1_PDT001012884.1_genomic.fa	106	0.046107003044802086
results_all/results_20220409T125210/results_alleles.tsv:GCA_018165915.1_PDT001012882.1_genomic.fa	65	0.028273162244454086
results_all/results_20220409T125210/results_alleles.tsv:GCA_018165935.1_PDT001012881.1_genomic.fa	55	0.02392344497607657
results_all/results_20220409T125210/results_alleles.tsv:GCA_018165995.1_PDT001012876.1_genomic.fa	98	0.042627229230100094
results_all/results_20220409T125210/results_alleles.tsv:GCA_018180095.1_PDT001013769.1_genomic.fa	63	0.02740321879077856
results_all/results_20220409T125210/results_alleles.tsv:GCA_018180295.1_PDT001012883.1_genomic.fa	53	0.023053501522401043
results_all/results_20220409T125210/results_alleles.tsv:GCA_018180755.1_PDT001012879.1_genomic.fa	10	0.004349717268377518
results_all/results_20220409T125210/results_alleles.tsv:GCA_018180975.1_PDT001013408.1_genomic.fa	119	0.05176163549369295
results_all/results_20220409T125210/results_alleles.tsv:GCA_018181055.1_PDT001012877.1_genomic.fa	61	0.026533275337103035
results_all/results_20220409T125210/results_alleles.tsv:GCA_018183515.1_PDT001013799.1_genomic.fa	15	0.006524575902566387
results_all/results_20220409T125210/results_alleles.tsv:GCA_018184435.1_PDT001013067.1_genomic.fa	23	0.01000434971726838
results_all/results_20220409T125210/results_alleles.tsv:GCA_018184755.1_PDT001012885.1_genomic.fa	62	0.026968247063940853
results_all/results_20220409T125210/results_alleles.tsv:GCA_018287495.1_PDT001019336.1_genomic.fa	12	0.005219660722053043
results_all/results_20220409T125210/results_alleles.tsv:GCA_018287555.1_PDT001019331.1_genomic.fa	124	0.05393649412788171
results_all/results_20220409T125210/results_alleles.tsv:GCA_018334195.1_ASM1833419v1_genomic.fa	3	0.001304915180513233
results_all/results_20220409T125210/results_alleles.tsv:GCA_018334205.1_ASM1833420v1_genomic.fa	2	0.0008699434536755257
results_all/results_20220409T125210/results_alleles.tsv:GCA_018334235.1_ASM1833423v1_genomic.fa	38	0.016528925619834656
results_all/results_20220409T125210/results_alleles.tsv:GCA_018334245.1_ASM1833424v1_genomic.fa	2	0.0008699434536755257
results_all/results_20220409T125210/results_alleles.tsv:GCA_018334255.1_ASM1833425v1_genomic.fa	8	0.003479773814701992
results_all/results_20220409T125210/results_alleles.tsv:GCA_018334295.1_ASM1833429v1_genomic.fa	6	0.002609830361026577
results_all/results_20220409T125210/results_alleles.tsv:GCA_018334315.1_ASM1833431v1_genomic.fa	39	0.016963897346672474
results_all/results_20220409T125210/results_alleles.tsv:GCA_018334335.1_ASM1833433v1_genomic.fa	1	0.00043497172683770735
results_all/results_20220409T125210/results_alleles.tsv:GCA_018334355.1_ASM1833435v1_genomic.fa	10	0.004349717268377518
results_all/results_20220409T125210/results_alleles.tsv:GCA_018334375.1_ASM1833437v1_genomic.fa	1	0.00043497172683770735
results_all/results_20220409T125210/results_alleles.tsv:GCA_018334395.1_ASM1833439v1_genomic.fa	5	0.002174858634188759
results_all/results_20220409T125210/results_alleles.tsv:GCA_018334415.1_ASM1833441v1_genomic.fa	3	0.001304915180513233
results_all/results_20220409T125210/results_alleles.tsv:GCA_018334425.1_ASM1833442v1_genomic.fa	13	0.005654632448890862
results_all/results_20220409T125210/results_alleles.tsv:GCA_018334455.1_ASM1833445v1_genomic.fa	6	0.002609830361026577
results_all/results_20220409T125210/results_alleles.tsv:GCA_018334475.1_ASM1833447v1_genomic.fa	12	0.005219660722053043
results_all/results_20220409T125210/results_alleles.tsv:GCA_018371515.1_ASM1837151v1_genomic.fa	46	0.02000869943453676
results_all/results_20220409T125210/results_alleles.tsv:GCA_018372235.1_ASM1837223v1_genomic.fa	7	0.0030448020878642845
results_all/results_20220409T125210/results_alleles.tsv:GCA_018421655.1_ASM1842165v1_genomic.fa	4	0.0017398869073510514
results_all/results_20220409T125210/results_alleles.tsv:GCA_018422015.1_ASM1842201v1_genomic.fa	58	0.025228360156589802
results_all/results_20220409T125210/results_alleles.tsv:GCA_018422315.1_ASM1842231v1_genomic.fa	10	0.004349717268377518
results_all/results_20220409T125210/results_alleles.tsv:GCA_018441545.1_ASM1844154v1_genomic.fa	11	0.004784688995215336
results_all/results_20220409T125210/results_alleles.tsv:GCA_018442055.1_ASM1844205v1_genomic.fa	8	0.003479773814701992
results_all/results_20220409T125210/results_alleles.tsv:GCA_018454805.1_PDT001044764.1_genomic.fa	74	0.0321879077859939
results_all/results_20220409T125210/results_alleles.tsv:GCA_018476835.1_ASM1847683v1_genomic.fa	3	0.001304915180513233
results_all/results_20220409T125210/results_alleles.tsv:GCA_018861165.1_4337PV_genomic.fa	3	0.001304915180513233
results_all/results_20220409T125210/results_alleles.tsv:GCA_018917705.1_ASM1891770v1_genomic.fa	1	0.00043497172683770735
results_all/results_20220409T125210/results_alleles.tsv:GCA_018966545.1_ASM1896654v1_genomic.fa	14	0.006089604175728569
results_all/results_20220409T125210/results_alleles.tsv:GCA_018966595.1_ASM1896659v1_genomic.fa	2	0.0008699434536755257
results_all/results_20220409T125210/results_alleles.tsv:GCA_019050375.1_ASM1905037v1_genomic.fa	4	0.0017398869073510514
results_all/results_20220409T125210/results_alleles.tsv:GCA_019060055.1_PDT001078554.1_genomic.fa	87	0.03784254023488476
results_all/results_20220409T125210/results_alleles.tsv:GCA_019198655.1_PDT001086342.1_genomic.fa	104	0.04523705959112656
results_all/results_20220409T125210/results_alleles.tsv:GCA_019257545.1_PDT001090225.1_genomic.fa	31	0.013484123531970371
results_all/results_20220409T125210/results_alleles.tsv:GCA_019258985.1_PDT001090222.1_genomic.fa	16	0.006959547629404095
results_all/results_20220409T125210/results_alleles.tsv:GCA_019507065.1_PDT001106425.1_genomic.fa	75	0.032622879512831715
results_all/results_20220409T125210/results_alleles.tsv:GCA_019569915.1_PDT000432664.2_genomic.fa	73	0.03175293605915619
results_all/results_20220409T125210/results_alleles.tsv:GCA_019572235.1_ASM1957223v1_genomic.fa	29	0.012614180078294956
results_all/results_20220409T125210/results_alleles.tsv:GCA_019660825.1_ASM1966082v1_genomic.fa	3	0.001304915180513233
results_all/results_20220409T125210/results_alleles.tsv:GCA_019724875.1_PDT001114959.1_genomic.fa	26	0.011309264897781612
results_all/results_20220409T125210/results_alleles.tsv:GCA_019735095.1_PDT001114958.1_genomic.fa	29	0.012614180078294956
results_all/results_20220409T125210/results_alleles.tsv:GCA_900101725.1_IMG-taxon_2654588119_annotated_assembly_genomic.fa	1	0.00043497172683770735
results_all/results_20220409T125210/results_alleles.tsv:GCA_900113495.1_IMG-taxon_2623620510_annotated_assembly_genomic.fa	2	0.0008699434536755257
results_all/results_20220409T125210/results_alleles.tsv:GCA_900454995.1_52347_B01_genomic.fa	60	0.026098303610265328
results_all/results_20220409T125210/results_alleles.tsv:GCA_900455025.1_52313_G01_genomic.fa	33	0.014354066985645897
results_all/results_20220409T125210/results_alleles.tsv:GCA_900455045.1_58901_A01_genomic.fa	5	0.002174858634188759
results_all/results_20220409T125210/results_alleles.tsv:GCA_900455055.1_55884_G01_genomic.fa	95	0.04132231404958675
results_all/results_20220409T125210/results_alleles.tsv:GCA_900455195.1_40295_E02_genomic.fa	20	0.008699434536755146
results_all/results_20220409T125210/results_alleles.tsv:GCA_902387925.1_UHGG_MGYG-HGUT-02514_genomic.fa	10	0.004349717268377518
results_all/results_20220409T125210/results_alleles.tsv:GCA_905204495.1_ERR414419-mag-bin.11_genomic.fa	59	0.02566333188342762
results_all/results_20220409T125210/results_alleles.tsv:GCA_910574505.1_MGBC000018_genomic.fa	8	0.003479773814701992
